id,year,filename,place,title,date,activityType,details
"1","2007","","南面白岳・大東岳","","11/10～11","yama","諸事情により中止"
"2","2007","","磐梯山・猫魔ケ岳","","10/27～28","yama","雨天により中止"
"3","2007","2007/Choukai/2007.10tyoukai","","鳥海山","10/13～14","yama",""
"4","2007","2007/Iide/2007.08.iide","","長期山行（飯豊連峰）","08/21～27","yama",""
"5","2007","","船形山","","08/??","yama",""
"6","2007","2007/Kunren/20070728kunren","","訓練山行（笹谷峠～熊野岳）","07/28～29","yama",""
"7","2007","2007/Adatara/20070623adatara","","安達太良山～「ほんとのそら」をもとめて～","06/23～24","yama",""
"8","2007","2007/Zao/2007.6.16zao","","蔵王","06/16～17","yama",""
"9","2007","","泉ヶ岳","","05/??","yama",""
"10","2007","","北面白山（新入生歓迎登山）","","05/??","yama",""
"11","2007","","泉ヶ岳","","04/??","yama","雨天により中止"
"12","2008","2008/Adatara/2008adatara","","安達太良山","10/25～26","yama",""
"13","2008","2008/NekomaBandai/2008nekomabandai","","磐梯山・猫魔ヶ岳","10/11～12","yama",""
"14","2008","","長期山行（朝日連峰）","","08/21～25","yama","雨天により中止"
"15","2008","2008/Kunren/2008.kunnrenn","","訓練山行（笹谷峠～熊野岳）","08/01～02","yama",""
"16","2008","2008/SouthOmoshiro/2008.minamiomosiro","","大東岳・南面白山","07/05～06","yama",""
"17","2008","2008/Funagata/2008.hunagata","","船形山","06/28～29","yama",""
"18","2008","2008/SouthZao/2008.06.minamizao","","南蔵王","06/14～15","yama",""
"19","2008","","","安達太良山","05/31～01","yama","雨天により中止"
"20","2008","2008/Omoshiroyama/2008.omoshiroyama","","北面白山（新入生歓迎登山）","05/17～18","yama",""
"21","2008","2008/Izumi/2008.izumi","","泉ヶ岳（お試し登山）","04/27","yama",""
"22","2009","2009/Azumayama/2009.azumayamaa","","吾妻山","10/24～25","yama",""
"23","2009","2009/Choukaisan/09.10.10choukai","","鳥海山","10/10","yama",""
"24","2009","2009/Chuki.shirouma/09.9tyuuki.shirouma","","中期登山(北アルプス白馬三山)","09/06～09","yama",""
"25","2009","2009/Chouki/tyoukisono1","長期登山","プロローグ","08/12～17","yama",""
"26","2009","2009/Chouki/2009.choukitozan","長期登山","その?","08/12～17","yama",""
"27","2009","2009/Kunren/2009.10.kunnrenn","","訓練登山（後発隊）","08/08～09","yama",""
"28","2009","2009/Iwatesan/iwatesan2009","","岩手山","07/04～05","yama",""
"29","2009","2009/Hayachine/20090621.hayatine","","早池峰山","06/21","yama",""
"30","2009","2009/Adatara.Masami/200905.adatara","","安達太良山","05/23～24","yama",""
"31","2009","2009/Kitaomoshiro/20090509kitaomoshiro","","北面白山（新入生歓迎登山）","05/09～10","yama",""
"32","2009","2009/Izumi/2009.izumi","","泉ヶ岳（お試し登山）","04/","yama",""
"33","2010","2010/Nasuyama.Sohei/2010.nasuyama.sohei","那須岳","Sohei編","10/16～17","yama",""
"34","2010","2010/Chouki/2010.choukitozan","長期登山in南アルプス","インドア編","08/11～17","yama",""
"35","2010","2010/Chouki/2010.choukitozan2","長期登山in南アルプス","アウトドア編","08/11～17","yama",""
"36","2010","2010/Kunren.Shinya/2010kunrenshinya","訓練in北蔵王","Shinya編","07/10～11","yama",""
"37","2010","2010/Zao.Yoshiro/2010.7kunrenzao-yoshi","訓練in北蔵王","Yoshiro編","07/10～11","yama",""
"38","2010","2010/Gassan/2010.gassan","補講山行（月山）","","07/04","yama",""
"39","2010","2010/Asahi.Shinya/2010asahi.shinya","朝日連峰","Shinya編","06/26～27","yama",""
"40","2010","2010/Asahi.Masami/ooasahidake2010verunko","朝日連峰","Masami編","06/26～27","yama",""
"41","2010","2010/Hayachine/2010hayachine","早池峰山","Masami編","06/12～13","yama",""
"42","2010","2010/Hayachine.Shinya/2010hayachine.shinya","早池峰山","Shinya編","06/12～13","yama",""
"43","2010","2010/Daito.Yoshiro/2010daito","南面白・大東岳","Yoshiro編","05/29～30","yama",""
"44","2010","2010/Daitodake/2010.daitodake","南面白・大東岳","Masami編","05/29～30","yama",""
"45","2010","2010/Omoshiroyama.Shinya/2010.omosiroyama","北面白山","Shinya編","05/15～16","yama",""
"46","2010","2010/Omoshiroyama/2010.5omo_masami","北面白山","Masami編","05/15～16","yama",""
"47","2011","2011/2011.10kurikoma.haruka/2011.10.kurikoma.haruka","栗駒山","Haruka編","10/08","yama",""
"48","2011","2011/2011.10kurikoma/2011-10","栗駒山","Takaki編","10/08","yama",""
"49","2011","2011/2011.09.tanigawa.kome/2011.09.tanigawa.kome","中期登山in谷川岳","Kome編","09/27～30","yama",""
"50","2011","http://outdoor.geocities.jp/ddyt0081ox/2011tanigawaobr/2011tanigawa.obr","中期登山in谷川岳","OBR編","09/27～30","yama",""
"51","2011","2011/2011.08tyoki/Part1/TyoukiPart1","長期登山in大雪山","Kome編","08/15～21","yama",""
"52","2011","http://outdoor.geocities.jp/ddyt0081ox/2011kunrensohei/2011kunrensohei","訓練in北蔵王","Sohe編","07/30～31","yama",""
"53","2011","2011/2011.07kunren.t/2011.07.30-31kunren","訓練in北蔵王","Takuma編","07/30～31","yama",""
"54","2011","2011/2011.07kunren.s/kunren.s","訓練in北蔵王","Shoko編","07/30～31","yama",""
"55","2011","2011/2011.07gassan.sohei/2011.07.gasan.sohei","補講山行in月山","Sohei編","07/24","yama",""
"56","2011","http://outdoor.geocities.jp/ddyt0081ox/2011gassanyshr/2011.gassan.yshr","補講山行in月山","Yasuhiro編","07/24","yama",""
"57","2011","http://outdoor.geocities.jp/jishinkaihp2/2011.gassan.takuma","補講山行in月山","Takuma編","07/24","yama",""
"58","2011","","焼石岳","","07/16～17","yama",""
"59","2011","2011/2011.07choukai/choukai2011","鳴海山","Sohei編","07/16～17","yama",""
"60","2011","http://outdoor.geocities.jp/ddyt0081ox/2011iwatesansohei/2011.iwatesan.sohei","岩手山","Sohei編","07/09～10","yama",""
"61","2011","","岩手山","Shoko編","07/09～10","yama",""
"62","2011","","泉ヶ岳","","06/05","yama",""
"63","2012","2012/2012.10kurikoma.teammika/newfile","栗駒山","MiKA編","10/14","yama",""
"64","2012","2012/2012.09.oze.team.tosshi/newfile","尾瀬","TOSHI編","09/27～29","yama",""
"65","2012","2012/2012tyoukiteamkome/newfile","長期登山","KOME編","08/15～19","yama",""
"66","2012","2012/2012.08.chouki.team.takaki/newfile","長期登山","yamanaka編","08/15～19","yama",""
"67","2012","2012/2012.07.hayachine/newfile","早池峰","KOME編","07/28","yama",""
"68","2012","","Azuma yamanaka編","","07/21","yama",""
"69","2012","2012/201207kunrenkaneta/newfile4","訓練登山","yamanaka編","07/14～15","yama",""
"70","2012","2012/2012.06.asahi.teamkome/newfile","朝日連峰","Kome編","06/30～07/01","yama",""
"71","2012","2012/2012.06.asahi.teamtakaki/newfile","朝日連峰","yamanaka編","06/30～07/01","yama",""
"72","2012","2012/2012.6.asahidake.teamobara/newfile","朝日連峰","Obara編","06/30～07/01","yama",""
"73","2012","2012/2012.06.kamuro.team.obr/newfile","神室山","OBR編","06/23～24","yama",""
"74","2012","2012/20120616kamuro/20120616kamuro","神室山","Kome編","06/16～17","yama",""
"75","2012","2012/2012.06bandai.team.obr/newfile","磐梯山・猫魔ヶ岳","OBR編","06/02～03","yama",""
"76","2012","2012/2012.05adatara/newfile","安達太良山","yamanaka編","06/02～03","yama",""
"77","2012","2012/2012.05.kitaomosiro.kome/newfile","北面白山","Kome編","05/19～20","yama",""
"78","2012","2012/2012.05.kitaomosiro.team.shinya/newfile","北面白山","OBR編","05/19～20","yama",""
"79","2012","2012/201205hokumen.hiroki/newfile","北面白山","Hiroki編","05/19～20","yama",""
"80","2012","2012/2012.05izumi.team.kome/newfile","泉ヶ岳","Kome編","05/12","yama",""
"81","2012","2012/2012.05izumi.teamhiroki/newfile","泉ヶ岳","Hiroki編","05/12","yama",""
"82","2012","2012/2012.05.izumi.teamobr/newfile","泉ヶ岳","OBR編","05/12","yama",""
"83","2013","","秋山in月山","","10/12","yama","雨天中止"
"84","2013","2013/2013.09.chuki.TeamNobuyuki/ChukiNobuyuki","中期登山","NOBUYUKI編","09/26～29","yama",""
"85","2013","2013/2013.08-tyoki.ryohei/tyouki1","長期登山in北アルプス","RYOHEI編","08/12～16","yama",""
"86","2013","2013/2013.choki.team.mika/chouki1","長期登山in北アルプス","MIKA編","08/12～16","yama",""
"87","2013","2013/2013.08.yakeishi.team.toshiki/yakeishi","焼石岳","TOSHIKI編","08/04","yama",""
"88","2013","2013/2013.08yakeisi/Yakeishi","焼石岳","別班","08/04","yama",""
"89","2013","2013/2013kunrenryohei/KunrenRyohei","訓練登山","RYOHEI編","07/06～07","yama",""
"90","2013","2013/2013.07.KunrenMika/201307kunrenmika","訓練登山","MIKA編","07/06～07","yama",""
"91","2013","2013/2013.07.kunren.toshiki/kunrenTOSHIKI","訓練登山","TOSHIKI編","07/06～07","yama",""
"92","2013","2013/asahiRYOHEI/asahiRYOHEI","朝日岳","RYOHEI編","06/29～30","yama",""
"93","2013","2013/2013chokai/chokai","鳥海山","MIKA編","06/29～30","yama",""
"94","2013","2013/iwatesanRYOHEI/iwatesanRYOHEI","岩手山","RYOHEI編","06/15～16","yama",""
"95","2013","2013/iwatesansugi/iwatesan","岩手山","NOBUYUKI編","06/15～16","yama",""
"96","2013","2013/HayachineMika/hayachinemika","早池峰山","MIKA編","06/15～16","yama",""
"97","2013","2013/2013.hayachine.team.tomoshi/HayachineTomoshi","早池峰山","KOME編","06/15～16","yama",""
"98","2013","2013/adataratoshiki/AdataraToshiki","安達太良山","TOSHIKI編","05/25～26","yama",""
"99","2013","2013/2013adataraRyohei/AdataraRyohei","安達太良山","RYOHEI編","05/25～26","yama",""
"100","2013","2013/kitaomoshirotoshi/kitaomosiro","北面白山","TOSHI編","04/18～19","yama",""
"101","2013","2013/kitaomoshirosugi/kitaomoshirosugi","北面白山","NOBUYUKI編","04/18～19","yama",""
"102","2013","2013/izumiteamryohei/IzumiTeamRyohei","泉ヶ岳","RYOHEI編","04/27","yama",""
"103","2013","2013/izumiMIKA/IzumiMika","泉ヶ岳","MIKA編","04/27","yama",""
"104","2014","2014/2014.aiyama/teamomigiri","秋山 月山リベンジ","Onigiri編","10/11","yama",""
"105","2014","2014/2014.10.akiyama.teamgawara/teamgawara","秋山 月山リベンジ","GAWARA編","10/11","yama",""
"106","2014","2014/2014.10.akiyama.teamgussan/akiyama-gussan","秋山 月山リベンジ","Gassan編","10/11","yama",""
"107","2014","2014/2014.09.oze/team_akari","中期登山","AKARISO編","09/24～27","yama",""
"108","2014","2014/2014.08.Chouki.NOBU","長期登山in大雪山","NOBUYUKI編","08/12～15","yama",""
"109","2014","2014/chokiyukie/mokuji","長期登山in大雪山","YUKIE編","08/12～15","yama",""
"110","2014","2014/chokinaoto/naoto","長期登山in大雪山","NAOTO編","08/12～15","yama",""
"111","2014","2014/2014.07.kunren.naoto/zao_report","訓練登山in北蔵王","NAOTO編","07/19～20","yama",""
"112","2014","2014/2014.07.kunnrenn.nobuyuki/kiroku","訓練登山in北蔵王","NOBUYUKI編","07/19～20","yama",""
"113","2014","2014/2014.07.kunrenyukie/kunrenyukie","訓練登山in北蔵王","YUKIE編","07/19～20","yama",""
"114","2014","2014/2014.07.hayachinesan.team_yukie/2014.07.hayachinesan.team_yukie","早池峰山","YUKIE編","07/05～06","yama",""
"115","2014","2014/2014.07.hayachinesan.teamnobuyuki/2014.07.hayachinesan.teamnobuyuki","早池峰山","NOBUYUKI編","07/05～06","yama",""
"116","2014","2014/2014.06.kamuro.teamnaoto/2014_kamuro","神室山","NAOTO編","06/28～29","yama",""
"117","2014","2014/2014.iwatesan.teamnobuyuki/iwatesan.teamnobuyuki","岩手山","NOBUYUKI編","06/21～22","yama",""
"118","2014","2014/2014.06.iwate","岩手山","YUKIE編","06/21～22","yama",""
"119","2014","2014/2014.06.adatara/adatara.team-NOBUYUKI","安達太良山","NOBUYUKI編","06/14～15","yama",""
"120","2014","2014/2014.06.adatara.teamkaneta/tean.kaneta.sankoukiroku","安達太良山","NAOTO編","06/14～15","yama",""
"121","2014","2014/2014.06.adatara.teamtakahiro/adatara.teamtakahiro","安達太良山","TAKAHIRO編","06/14～15","yama",""
"122","2014","2014/2014.06.adatara.teamyukie/adatara.team-yukie","安達太良山","YUKIE編","06/14～15","yama",""
"123","2014","2014/2014.05.nekomaandbandai.teamnaoto/NekomaandBandai","猫魔ヶ岳＆磐梯山","NAOTO編","05/24～25","yama",""
"124","2014","2014/2014nekomabandai/teamasako","猫魔ヶ岳＆磐梯山","ASAKO編","05/24～25","yama",""
"125","2014","2014/2014.05.nekomabandai.takahiro/2014.05.nekomabandai.takahiro","猫魔ヶ岳＆磐梯山","TAKAHIRO編","05/24～25","yama",""
"126","2014","2014/2014.05.kitaomoshiro.team_yukie/2014.05.kitaomoshiro.team_yukie","北面白山","YUKIE編","05/17～18","yama",""
"127","2014","2014/2014.5.kitaomoshiro.team.naoto/2014.kitaomoshiro.team.naoto","北面白山","NAOTO編","05/17～18","yama",""
"128","2014","2014/2014.05.kitaomoshiro.nobuyuki/2014.05.kitaomoshiro.nobuyuki","北面白山","NOBUYUKI編","05/17～18","yama",""
"129","2014","2014/2014.05.Taihaku/Taihakusan","新歓登山@太白山","NAOTO編","05/03","yama",""
"130","2014","2014/2014.05.taihakusan/2014.05.taihakusan","新歓登山@太白山","TAKAHIRO編","05/03","yama",""
"131","2015","2015/2015.10.nasu.takaaki/nasu.takaaki","秋山","TAKAAKI編","10/10","yama",""
"132","2015","2015/2015.10.nasu.yuki/nasu.yuki","秋山","YUKI編","10/10","yama",""
"133","2015","2015/2015.09.chuki.yuichiro/2015.09.chuki.yuichiro","中期登山","YUICHIRO編","09/22～25","yama",""
"134","2015","2015/2015.08.choki.daiki/mokuji","長期登山in南アルプス","DAIKI編","08/17～21","yama",""
"135","2015","2015/2015.08.choki.akito","長期登山in南アルプス","AKITO編","08/17～21","yama",""
"136","2015","2015/15.08.chouki.haruka","長期登山in南アルプス","HARUKA編","08/17～21","yama",""
"137","2015","2015/15.08.choki.akari/honpen","長期登山in南アルプス","AKARI編","08/17～21","yama",""
"138","2015","2015/2015.08.asahidake.akari/2015.08.asahi.akari","朝日連峰","AKARI編","07/25～26","yama",""
"139","2015","2015/2015.08.asahidake.daiki/2015.08.asahidake.daiki","朝日連峰","DAIKI編","07/25～26","yama",""
"140","2015","2015/2015.07.kunren.daiki/kunren.daiki","訓練登山in面白山","DAIKI編","07/25～26","yama",""
"141","2015","2015/2015.07.kunren.akito/kunren.akito","訓練登山in面白山","AKITO編","07/25～26","yama",""
"142","2015","2015/2015.07.kunren.akari/kunren.akari","訓練登山in面白山","AKARI編","07/25～26","yama",""
"143","2015","","訓練登山(下見)in面白山","","07/04～05","yama",""
"144","2015","2015/2015.07.hunagata/hunagata","船形山","DAIKI編","07/04～05","yama",""
"145","2015","2015/2015.07.chokai.akito/2015.07.chokai.akito","鳥海山","AKITO編","07/04～05","yama",""
"146","2015","2015/2015.07.tyokai.haruka/2015.07.tyokai.haruka","鳥海山","HARUKA編","07/04～05","yama",""
"147","2015","2015/6.20.hayachi.haruka/Hayachine.haruka","早池峰山","HARUKA編","06/20～21","yama",""
"148","2015","2015/15.06.hayachine.akito/hayachine","早池峰山","AKITO編","06/20～21","yama",""
"149","2015","2015/2015.06.iwate.akari/2015.06.iwate.akari","岩手山","AKARI編","06/20～21","yama",""
"150","2015","2015/2015.06.iwate.daiki/2015.06.iwate.daiki","岩手山","DAIKI編","06/20～21","yama",""
"151","2015","2015/2015.06.bandaisan.akari/2015.06.bandaisan.akari/2015.06.bandaisan.akari","磐梯山","AKARI編","06/06～07","yama",""
"152","2015","2015/2015.06.bandai.daiki/teamdaiki","磐梯山","DAIKI編","06/06～07","yama",""
"153","2015","2015/2015.06.bandai.haruka/Team-Haruka","磐梯山","HARUKA編","06/06～07","yama",""
"154","2015","2015/2015.06.bandaisan.akito/Team-Akito","磐梯山","AKITO編","06/06～07","yama",""
"155","2015","2015/2015.05.kitaomoshiro.akito/2015.05.kitaomoshiro.akito","北面白山","AKITO編","05/24～25","yama",""
"156","2015","2015/2015.05.kitaomoshiro.akari/2015.05.kitaomoshiro.akari","北面白山","AKARI編","05/24～25","yama",""
"157","2015","2015/2015.05.kitaomoshiro.haruka/haruka","北面白山","HARUKA編","05/24～25","yama",""
"158","2015","2015/15.05.kitaomoshiro.daiki/kitaomosiro.daiki","北面白山","DAIKI編","05/24～25","yama",""
"159","2015","2015/2015.04.izumi.daiki/daiki","新歓登山@泉ヶ岳","DAIKI編","04/25","yama",""
"160","2015","2015/2015.04.izumi.akito/akito","新歓登山@泉ヶ岳","Akito編","04/25","yama",""
"161","2015","2015/2015.04.izumi.akari/akari","新歓登山@泉ヶ岳","Akari編","04/25","yama",""
"162","2015","2015/2015.04.izumi.ryo/ryo","新歓登山@泉ヶ岳","Ryo編","04/25","yama",""
"163","2016","2016/2016.09.oze/oze","","個人山行in尾瀬","09/01～04","yama",""
"164","2016","2016/2016.10.gassan.tatsuki/2016.10.gassan","秋山in月山","TATSUKI編","10/15","yama",""
"165","2016","2016/2016.10.gassan.kohei/2016.10.gassan","秋山in月山","KOHEI編","10/15","yama",""
"166","2016","2016/2016.09.oze/oze","","個人山行in尾瀬","09/01～04","yama",""
"167","2016","2016/2016.08.tsurugi/tsurugi","","個人山行in剱岳","08/21～23","yama",""
"168","2016","2016/2016.08.choki.Y-uichiro/00","長期登山in北アルプス","YUICHIRO編","08/15～17","yama",""
"169","2016","2016/2016.08.choki.takaaki","長期登山in北アルプス","TAKAAKI編","08/15～17","yama",""
"170","2016","2016/2016.08.choki.masakiyo","長期登山in北アルプス","MASAKIYO編","08/15～17","yama",""
"171","2016","2016/2016.07.asahi.kobu/2016.07.asahi.kobu","朝日連峰","A-side","07/23～24","yama",""
"172","2016","2016/2016.07.asahi.yasu/asahiyasu","朝日連峰","B-side","07/23～24","yama",""
"173","2016","2016/2016.07.kunren.yuichiro/2016.07.kunren.yuichiro","訓練登山in北蔵王","YUICHIRO編","07/09～10","yama",""
"174","2016","2016/2016.07.kunren.daichi/2016.07.kunren.daichi","訓練登山in北蔵王","DAICHI編","07/09～10","yama",""
"175","2016","2016/2016.07.kunren.yasu/2016.07.kunren.yasu_copy_1","訓練登山in北蔵王","YASU編","07/09～10","yama",""
"176","2016","2016/2016.06.choukai.yuki/2016.06.chokai.yuki","鳥海山","YUKI編","06/25～26","yama",""
"177","2016","2016/2016.06.choukai.daichiii/chokaidaichi","鳥海山","DAiCHiii編","06/25～26","yama",""
"178","2016","2016/2016.06.choukai.yuichiro/team_yuichiro","鳥海山","YUICHIRO編","06/25～26","yama",""
"179","2016","2016/2016.06.hayachine.yasu/hayachine.yasu","早池峰山","YASU編","06/25～26","yama",""
"180","2016","2016/2016.06.hayachine.masakiyo/hayachine.masakiyo","早池峰山","MASAKIYO編","06/25～26","yama",""
"181","2016","2016/2016.06.funagata.masakiyo/funagata2016","船形山","MASAKIYO編","06/11～12","yama",""
"182","2016","2016/2016.06.iwate.daichi/iwate.daichi","岩手山","DAICHI編","06/11～12","yama",""
"183","2016","2016/2016.06.iwate.takaaki/iwate.takaaki","岩手山","TAKAAKI編","06/11～12","yama",""
"184","2016","2016/2016.06.iwate.yuki/2016.06.iwate.yuki","岩手山","YUKI編","06/11～12","yama",""
"185","2016","2016/2016.06.iwate.yuichiro/2016.06.iwate.yuichiro","岩手山","YUICHIRO編","06/11～12","yama",""
"186","2016","2016/2016.05.adatara.masakiyo/masakiyo","安達太良山","MASAKIYO編","05/28～29","yama",""
"187","2016","2016/2016.05.adatara.takaaki/2016.adatara.takaaki","安達太良山","TAKAAKI編","05/28～29","yama",""
"188","2016","2016/2016.05.adatara.kouta/adatara.2016.05.kota","安達太良山","KOUTA編","05/28～29","yama",""
"189","2016","2016/2016.05.adatara.yuichiro/yuichiro","安達太良山","YUICHIRO編","05/28～29","yama",""
"190","2016","2016/2016.05.kitaomoshiro.daichi/2016.05.kitaomoshiro.daichi","北面白山","DAICHI編","05/14～15","yama",""
"191","2016","2016/2016.05.kitaomoshiro.takaaki/2016.05.kitaomoshiro.takaaki","北面白山","TAKAAKI編","05/14～15","yama",""
"192","2016","2016/2016.05.kitaomoshiro.yasu/2016.05.kitaomoshiro.yasu","北面白山","YASU編","05/14～15","yama",""
"193","2016","2016/2016.05.kitaomoshiro.yuichiro/2016.05.kitaomoshiro.yuichiro","北面白山","YUICHIRO編","05/14～15","yama",""
"194","2016","2016/2016.04.izumi.daichi/2016.04.izumi.daichi","新歓登山@泉ヶ岳","DAICHI編","04/23","yama",""
"195","2016","2016/2016.04.izumi.masakiyo/2016.04.izumi.masakiyo","新歓登山@泉ヶ岳","MASAKIYO編","04/23","yama",""
"196","2016","2016/2016.04.izumi.yasu/2016.04.izumi.yasu","新歓登山@泉ヶ岳","YASU編","04/23","yama",""
"197","2016","2016/2016.04.izumi.yuichiro/yuichiro","新歓登山@泉ヶ岳","YUICHIRO編","04/23","yama",""
"198","2017","2017/2017.08.choki.masanori/mokuji","長期山行","MASANORI編","08/16～20","yama",""
"199","2017","2017/2017.08.tyouki.kenki/mokuji","長期山行","KENKI編","08/16～20","yama",""
"200","2017","2017/2017.07.asahi.kobu/2017.07.asahi.kobu","大朝日岳","KOHEI編","07/22～23","yama",""
"201","2017","2017/2017.07.kunren.tomomi/2017.07.kunren.tomomi","訓練登山in北蔵王","TOMOMI編","07/08～09","yama",""
"202","2017","2017/2017.07.kunren.masanori/2017.07.kunren.masanori","訓練登山in北蔵王","MASANORI編","07/08～09","yama",""
"203","2017","2017/2017.06.choukai.KENKI/2017.06.choukai.KENKI","鳥海山","KENKI編","06/24～25","yama",""
"204","2017","2017/2017.06.choukai.kohei/2017.06.chokai.kohei","鳥海山","KOHEI編","06/24～25","yama",""
"205","2017","2017/2017.06.tyoukai.tatuki/2017.06.tyokai.tatsuki","鳥海山","TATSUKI編","06/24～25","yama",""
"206","2017","2017/2017.06.choukai.minami/2017.06.choukai.minami","鳥海山","MINAMI編","06/24～25","yama",""
"207","2017","2017/2017.06.iwate.kenki/2017.06.iwate.kenki","岩手山","KENKI編","06/17～18","yama",""
"208","2017","2017/2017.06.iwate.tomomi/2017.06.iwate.tomomi","岩手山","TOMOMI編","06/17～18","yama",""
"209","2017","2017/2017.06.iwate.masanori/2017.06.iwate.masanori","岩手山","MASANORI編","06/17～18","yama",""
"210","2017","2017/2017.05.bandai.kenki/2017.05.bandai.kenki","磐梯山","KENKI編","05/27～28","yama",""
"211","2017","2017/2017.05.bandai.kohei/2017.05.bandai.kohei","磐梯山","KOHEI編","05/27～28","yama",""
"212","2017","2017/2017.05.bandai.masanori/bandai_masanori","磐梯山","MASANORI編","05/27～28","yama",""
"213","2017","2017/2017.05.omoshiro.tomomi/2017.05.omoshiro.tomomi","北面白山","TOMOMI編","05/20～21","yama",""
"214","2017","2017/2017.05.omoshiro.kenki/2017.05.omoshiro.kenki","北面白山","KENKI編","05/20～21","yama",""
"215","2017","2017/2017.05.omochiro.kohei/2017.05.omoshiro.kohei","北面白山","KOHEI編","05/20～21","yama",""
"216","2017","2017/2017.04.aoso.kenki/2017.04.aoso.kenki","新歓登山@青麻山","KENKI編","04/23","yama",""
"217","2017","2017/2017.04.aoso.kohei/2017.04.aoso.kohei","新歓登山@青麻山","KOHEI編","04/23","yama",""
"218","2017","2017/2017.04.aoso.masanori/2017.04.aoso.masanori","新歓登山@青麻山","MASANORI編","04/23","yama",""
"219","2017","2017/2017.04.aoso.minami/2017.04.aoso.minami","新歓登山@青麻山","MINAMI編","04/23","yama",""
"220","2018","2018/2018.10.gassan.kasumi/gassan.teamkasumi","秋山in月山","KASUMI編","10/13","yama",""
"221","2018","2018/2018.tyoki.shizuka/mokuji","長期山行","SHIZUKA編","8/17～20","yama",""
"222","2018","2018/2018.tyoki.moeka/mokuji","長期山行","MOEKA編","8/17～20","yama",""
"223","2018","2018/2018.tyouki.yusuke/tyouki.yusuke.","長期山行","YUSUKE編","8/17～20","yama",""
"224","2018","2018/2018.08.asahi.tatumi/2018.08.asahi.tatumi","大朝日岳","YUSUKE編","8/7～8","yama",""
"225","2018","2018/2018.08.asahi.kazuho/OASAHIDAKE-TEAMKAZUHO","大朝日岳","KAZUHO編","8/7～8","yama",""
"226","2018","2018/2018.08.asahi.tatsumi/asahi-tatsumi","大朝日岳","TATSUMI編","8/7～8","yama",""
"227","2018","","飯豊連峰(個人山行)","","7/15~16","yama",""
"228","2018","2018/2018.07.kunren.shizuka/kunren.shizuka","訓練登山in北蔵王","SHIZUKA編","7/7～8","yama",""
"229","2018","2018/2018.07.kunren.yusuke/2018.kunren.yusuke","訓練登山in北蔵王","YUSUKE編","7/7～8","yama",""
"230","2018","2018/2018.07.kunren.moeka/2018.07.kunren.moeka","訓練登山in北蔵王","MOEKA編","7/7～8","yama",""
"231","2018","2018/2018.06.tyokai.shizuka/2018.06.tyokai.shizuka","鳥海山","SHIZUKA編","6/23～24","yama",""
"232","2018","2018/2018.06.tyokai.moeka/tyokai-moeka","鳥海山","MOEKA編","6/23～24","yama",""
"233","2018","2018/2018.06.tyokai.tatumi/tyokai.tatumi","鳥海山","TATSUMI編","6/23～24","yama",""
"234","2018","2018/2018.06.iwate.kazuho/iwate-kazuho","岩手山","KAZUHO編","6/9～10","yama",""
"235","2018","2018/2018.06.iwate.tatsumi/iwate-tatsumi","岩手山","TATSUMI編","6/9～10","yama",""
"236","2018","2018/2018.06.iwate.shizuka/iwate-shizuka","岩手山","SHIZUKA編","6/9～10","yama",""
"237","2018","2018/2018.05.hayachine.arisa/2018.05.hayachine.arisa","早池峰山","ARISA編","5/26～27","yama",""
"238","2018","2018/2018.05.hayachine.shizuka/teamshizukahayachine","早池峰山","SHIZUKA編","5/26～27","yama",""
"239","2018","2018/2018.05.hayachine.yusuke/2018.hayachine.yusuke","早池峰山","YUSUKE編","5/26～27","yama",""
"240","2018","2018/2018.05.hayachine.moeka/2018.05.hayachine.moeka","早池峰山","MOEKA編","5/26～27","yama",""
"241","2018","2018/2018.05.hayachine.kazuho/2018.05.hayachine.kazuho","早池峰山","KAZUHO編","5/26～27","yama",""
"242","2018","2018/2018.05.adatara.shizuka/2018.05.adatara.shizuka","安達太良山","SHIZUKA編","5/12～13","yama",""
"243","2018","2018/2018.05.adatara.yusuke/2018.05.adatara.yusuke","安達太良山","YUSUKE編","5/12～13","yama",""
"244","2018","2018/2018.05.adatara.tatsumi/2018.05.adatara.tatsumi","安達太良山","TATSUMI編","5/12～13","yama",""
"245","2018","2018/2018.05.adatara.moeka/2018.05.adatara.moeka","安達太良山","MOEKA編","5/12～13","yama",""
"246","2018","2018/2018.04.izumi.moeka/2018.04.izumi.moeka","新歓登山@泉ヶ岳","MOEKA編","04/22","yama",""
"247","2018","2018/2018.04.izumi.shizuka/2018.04.izumi.shizuka","新歓登山@泉ヶ岳","SHIZUKA編","04/22","yama",""
"248","2018","2018/2018.04.izumi.tatsumi/2018.04.izumi.tatsumi","新歓登山@泉ヶ岳","TATSUMI編","04/22","yama",""
"249","2018","2018/2018.04.izumi.yusuke/2018.04.izumi.yusuke","新歓登山@泉ヶ岳","YUSUKE編","04/22","yama",""
"250","2019","2019/2019.08.chouki.hideto/chouki.mokuji.hideto2","長期山行in立山","HIDETO編","08/17～21","yama",""
"251","2019","2019/2019.08.tyouki.maruko/tyouki.team.maruko.shikata","長期山行in立山","MARUKO編","08/17～21","yama",""
"252","2019","2019/2019.08.tyouki.inoba/tyouki.inoba.mokuji","長期山行in立山","RYOMA編","08/17～21","yama",""
"253","2019","2019/2019.08.tyouki.onogata/day12","長期山行in立山","ONOGATA編","08/17～21","yama",""
"254","2019","2019/2019.08.asahi.maruko/2019.08.asahi.maruko","朝日連峰","MARUKO編","08/03～04","yama",""
"255","2019","2019/2019.08.asahi.ryoma/2019.08.asahi.ryoma","朝日連峰","RYOMA編","08/03～04","yama",""
"256","2019","2019/2019.08.asahi.onozato/asahi.2018.08.onozato","朝日連峰","ONOZATO編","08/03～04","yama",""
"257","2019","2019/2019.07.zao.hideto/hideto","訓練登山in北蔵王","HIDETO編","07/13～14","yama",""
"258","2019","2019/2019.07.zao.maruko/2019zaomaruko","訓練登山in北蔵王","MARUKO編","07/13～14","yama",""
"259","2019","2019/2019.07.zao.ryoma/ryoma","訓練登山in北蔵王","RYOMA編","07/13～14","yama",""
"260","2019","2019/2019.07.zao.onogata/2019.zao.onogata","訓練登山in北蔵王","ONOGATA編","07/13～14","yama",""
"261","2019","2019/2019.07.chokai.yoshihumi/2019chokaiyoshihumi","鳥海山","MARUKO編","07/06～07","yama",""
"262","2019","2019/2019.07.chokai.ryoma/ryoma","鳥海山","RYOMA編","07/06～07","yama",""
"263","2019","2019/2019.07.chokai.hideto/hideto","鳥海山","HIDETO編","07/06～07","yama",""
"264","2019","2019/2019.07.chokai.naoki/naoki","鳥海山","NAOKI編","07/06～07","yama",""
"265","2019","2019/2019.06.nekoban.ryota/ryota","猫魔ヶ岳＆磐梯山","ONOZAO編","06/22～23","yama",""
"266","2019","2019/2019.06.nekoban.naoki/naoki","猫魔ヶ岳＆磐梯山","NAOKI編","06/22～23","yama",""
"267","2019","2019/2019.06.nekoban.kasumi/kasumi","猫魔ヶ岳＆磐梯山","KASUMI編","06/22～23","yama",""
"268","2019","2019/2019.06.nekomaban.ryoma/ryoma","猫魔ヶ岳＆磐梯山","RYOMA編","06/22～23","yama",""
"269","2019","2019/2019.06.nekoban.hideto/2019.06.nekoban.hideto","猫魔ヶ岳＆磐梯山","HIDETO編","06/22～23","yama",""
"270","2019","2019/2019.06.adatara.ryoma/ryoma","安達太良山","RYOMA編","06/01～02","yama",""
"271","2019","2019/2019.06.adatara.ogata/ogata","安達太良山","NAOKI編","06/01～02","yama",""
"272","2019","2019/2019.06.adatara.onozato/onozato","安達太良山","RYOTA編","06/01～02","yama",""
"273","2019","2019/2019.06.adatara.kasumi/adatara.team.kasumi","安達太良山","KASUMI編","06/01～02","yama",""
"274","2019","2019/2019.06.adatara.maruko/adatara_maruko","安達太良山","MARUKO編","06/01～02","yama",""
"275","2019","2019/2019.05.omoshiro.hayata/omoshiro","北面白山","HAYATA編","05/18～19","yama",""
"276","2019","2019/2019.05.omoshiro.nashimoto/2019.omoshiro.HIDETO","北面白山","HIDETO編","05/18～19","yama",""
"277","2019","2019/2019.05.omoshiro.ryoma/2019.05.omoshiro.ryoma","北面白山","RYOMA編","05/18～19","yama",""
"278","2019","2019/2019.05.omoshiro.ryota/2019.05.omoshiro.ryota","北面白山","RYOTA編","05/18～19","yama",""
"279","2019","2019/2019.04.izumi.kasumi/shinkan","新歓登山＠泉ヶ岳","KASUMI編","04/21","yama",""
"280","2019","2019/2019.04.izumi.naoki/naoki","新歓登山＠泉ヶ岳","NAOKI編","04/21","yama",""
"281","2019","2019/2019.04.izumi.onozato/2019.04.izumi.onozato","新歓登山＠泉ヶ岳","RYOTA編","04/21","yama",""
"282","2019","2019/2019.04.izumi.ryoma/2019.04.izumi.ryoma","新歓登山＠泉ヶ岳","RYOMA編","04/21","yama",""
"283","2019","2019/2019.04.izumi.hideto/2019_04_izumi_hideto","新歓登山＠泉ヶ岳","HIDETO編","04/21","yama",""
"284","2020","2020/2020.11.omosiroyama.viva/2020.11.omosiroyama.viva","面白山","VIVA編","11/07","yama",""
"285","2020","2020/2020.11.omosiroyama.hiroto/2020.11.omosiroyama.hiroto","面白山","HIROTO編","11/07","yama",""
"286","2020","2020/2020.11.omosiroyama.ryotaro/2020.11.7.omosiroyama.ryotaro","面白山","RYOTARO編","11/07","yama",""
"287","2020","2020/2020.10.izumigatake.viva/2020.10.izumigatake.viva","泉ヶ岳","VIVA編","10/24","yama",""
"288","2020","2020/2020.10.izumigatake.hiroto/2020.10.izumigatake.hiroto","泉ヶ岳","HIROTO編","10/24","yama",""
"289","2020","2020/2020.10.izumigatake.hayata/2020.10.izumigatake.hayata","泉ヶ岳","HAYATA編","10/24","yama",""
"290","2020","2020/2020.10.izumigatake/2020.10.izumigatake.tomoki","泉ヶ岳","TOMOKI編","10/24","yama",""
"291","2020","2020/2020.10.zaodrive.viva/2020.10.zaodrive.viva","蔵王","VIVA編","10/17","yama","登山は断念し、ドライブ"
"292","2020","2020/2020.09.zaodrive.hiroto/2020.10.zaodrive.hiroto","蔵王","HIROTO編","10/17","yama","登山は断念し、ドライブ"
"293","2020","2020/2020.10.zaodrive.hayato/2020.10.zaodrive.hayato","蔵王","HAYATA編","10/17","yama","登山は断念し、ドライブ"
"294","2020","2020/2020.10.zaodrive.kazuki/2020.10.zaodrive.kazuki","蔵王","KAZUKI編","10/17","yama","登山は断念し、ドライブ"
"295","2020","2020/2020.10.zaodrive.tomoki/2020.10.zaodrive.tomoki","蔵王","TOMOKI編","10/17","yama","登山は断念し、ドライブ"
"296","2020","2020/2020.09.kurikoma.hiroto/2020.09.kurikoma.hiroto","栗駒山","HIROTO編","10/03","yama",""
"297","2020","2020/2020.09.kurikoma.viva/2020.09.kurikoma.viva","栗駒山","VIVA編","10/03","yama",""
"298","2020","2020/2020.09.kurikoma.tomoki/2020.09.kurikoma.tomoki","栗駒山","TOMOKI編","10/03","yama",""
"299","2021","2021/2021.10.kurikomayama.gouki/2021.10.kurikomayama.gouki","栗駒山","GOUKI編","10/09","yama",""
"300","2021","2021/2021.10.kurikomayama.yotaro/2021.10.kurikoma.yotaro","栗駒山","YOTARO編","10/09","yama",""
"301","2021","2021/2021.10.kurikomayama.shota/2021.10.kurikomayama.shota","栗駒山","SHOTA編","10/09","yama",""
"302","2021","2021/2021.10.kurikomayama.akaru/2021.10.kurikomayama.akaru","栗駒山","AKARU編","10/09","yama",""
"303","2021","2021/2021.08.tyoukai/2021.08.tyoukai.c0","個人山行in鳥海山","","08/16","yama",""
"304","2021","2021/2021.08.izumigatake.ayaka/2021.08.izumigatake.ayaka","訓練登山2in泉ヶ岳","","08/07","yama",""
"305","2021","2021/2021.07.kunren.akito/2021.07.kunren.akito","訓練登山in泉ヶ岳","AKITO編","07/31","yama",""
"306","2021","2021/2021.07.kunren.asakura/2021.07.kunren.asakura","訓練登山in泉ヶ岳","KAZUKI編","07/31","yama",""
"307","2021","2021/2021.08.izumigatake.keisuke/2021.08.izumigatake.keisuke","訓練登山in泉ヶ岳","KEISUKE編","07/31","yama",""
"308","2021","2021/2021.08.izumigatake.shunsuke/2021.8.izumigatake.shunsuke","訓練登山in泉ヶ岳","SHUNSUKE編","07/31","yama",""
"309","2021","2021/2021.07.daitoudake.akito/2021.07.daitoudake.akito","大東岳","AKITO編","07/17","yama",""
"310","2021","2021/2021.07.daitoudake.ayaka/2021.daitoudake.ayaka","大東岳","AYAKA編","07/17","yama",""
"311","2021","2021/2021.07.daitoudake.keisuke/2021.07.daitoudake.keisuke","大東岳","KEISUKE編","07/17","yama",""
"312","2021","2021/2021.07.byobudake.aki/2021.07.byobudake.aki","屏風岳","AKI編","07/03","yama",""
"313","2021","2021/2021.07.byobudake.ayaka/2021.07.byobudake.ayaka","屏風岳","AYAKA編","07/03","yama",""
"314","2021","2021/2021.07.byobudake.keisuke/2021.07.byobudake.keisuke","屏風岳","KEISUKE編","07/03","yama",""
"315","2021","2021/2021.07.byobudake.shunsuke/2021.07.byobudake.shunsuke","屏風岳","SHUNSUKE編","07/03","yama",""
"316","2021","2021/2021.07.byobudake.masaki/2021.07.byobudake.masaki","屏風岳","MASAKI編","07/03","yama",""
"317","2021","2021/2021.06.kurikomayama.aki/2021.06.kurikomayama.aki","栗駒山","AKI編","06/19","yama",""
"318","2021","2021/2021.06.kurikomayama.akito/2021.06.kurikoma.akito","栗駒山","AKITO編","06/19","yama",""
"319","2021","2021/2021.06.kurikomayama.ayaka/2021.06.ayaka","栗駒山","AYAKA編","06/19","yama",""
"320","2021","20210619.kurikomayama.keisuke","栗駒山","KEISUKE編","06/19","yama",""
"321","2021","2021/2021.06.kurikomayama.shunsuke/2021.06.kurikomayama.shunsuke","栗駒山","SHUNSUKE編","06/19","yama",""
"322","2021","2021/2021.06.omoshiroyama.aki/2021.06.omoshiroyama.aki","面白山","AKI編","06/05","yama",""
"323","2021","2021/2021.06.omoshiroyama.akito/2021.06.omoshiroyama.akito","面白山","AKITO編","06/05","yama",""
"324","2021","2021/2021.06.omoshiroyama.ayaka/2021.06.omoshiroyama.ayaka","面白山","AYAKA編","06/05","yama",""
"325","2021","2021/2021.06.omoshiroyama.kazuki/2021.06.omoshiroyama.kazuki","面白山","KAZUKI編","06/05","yama",""
"326","2021","2021/2021.06.omoshiro.keisuke/2021.0605.omoshiro.keisuke","面白山","KEISUKE編","06/05","yama",""
"327","2021","2021/2021.06.omoshiro.masaki/2021.06.omoshiro.masaki","面白山","MASAKI編","06/05","yama",""
"328","2021","2021/2021.06.omoshiroyama.shunsuke/2021.06.omoshiroyama.shunsuke","面白山","SHUNSUKE編","06/05","yama",""
"329","2021","2021/2021.05.izumigatake.akito/2021.05.izumigatake.akito","泉ヶ岳","AKITO編","05/23","yama",""
"330","2021","2021/2021.05.izumigatake.ayaka/2021.05.izumigatake.ayaka","泉ヶ岳","AYAKA編","05/23","yama",""
"331","2021","2021/2021.05.Izumigatake.Keisuke/2021.05.Izumigatake.keisuke","泉ヶ岳","KEISUKE編","05/23","yama",""
"332","2021","202105.izumigatake.masaki","泉ヶ岳","MASAKI編","05/23","yama",""
"333","2021","2021/2021.05.izumigatake.syunsuke/2021.05.izumigatake.syunsuke","泉ヶ岳","SHUNSUKE編","05/23","yama",""
"334","2022","2022/2022.10.adatarayama.Tamaki/2022.10.adatarayama.Tamaki","安達太良山","TAMAKI編","10/8","yama",""
"335","2022","2022/2022.10.adatarayama.Yusuke/2022.10.adatarayama.Yusuke","安達太良山","YUSUKE編","10/8","yama",""
"336","2022","2022/2022.10.adatarayama.Kousei/2022.10.adatarayama.Kousei","安達太良山","KOUSEI編","10/8","yama",""
"337","2022","2022/2022.09.akitakomagatake/2022.09.25.akitakomagatake","個人山行in秋田駒ヶ岳","","09/25","yama",""
"338","2022","2022/2022.08.kitadake.Yotaro/2022.08.kitadake.Yotaro","長期山行＠北岳","YOTARO編","08/19-20","yama",""
"339","2022","2022/2022.08.kitadake.yuya/2022.08.kitadake.yuya","長期山行＠北岳","YUYA編","08/19-20","yama",""
"340","2022","2022/2022.08.kitadake.Gouki/2022.08.Gouki","長期山行＠北岳","GOUKI編","08/19-20","yama",""
"341","2022","2022/2022.08.kitadake.Shota/2022.08.kitadake.Shota","長期山行＠北岳","SHOTA編","08/19-20","yama",""
"342","2022","2022/2022.08.asahidake.Shintaro/2022.08.asahidake.Shintaro","朝日連峰","SHINTARO編","08/06-07","yama",""
"343","2022","2022/2022.08.asahidake.Teiho/2022.08.asahidake.Teiho","朝日連峰","TEIHO編","08/06-07","yama",""
"344","2022","2022/2022.08.asahidake.Yotaro/2022.08.06.asahidake.YOTARO","朝日連峰","YOTARO編","08/06-07","yama",""
"345","2022","2022/2022.08.asahidake.Yuya/2022.08.asahidake.Yuya","朝日連峰","YUYA編","08/06-07","yama",""
"346","2022","2022/2022.07.izumigatake.teamgouki/2022.07.izumigatake.teamgouki","訓練登山＠泉・北泉ヶ岳","GOUKI編","07/24","yama",""
"347","2022","2022/2022.07.izumigatake.yuya/2022.07.izumigatake.yuya","訓練登山＠泉・北泉ヶ岳","YUYA編","07/24","yama",""
"348","2022","2022/2022.07.izumigatake.Shota/2022.07.izumigatake.Shota","訓練登山＠泉・北泉ヶ岳","SHOTA編","07/24","yama",""
"349","2022","2022/2022.07.bandaisan/2022.07.bandaisan.teamshintaro","補講@磐梯山","","07/16","yama",""
"350","2022","2022/2022.07.tyoukaisan.Ayaka/2022.07.tyoukaisan.Ayaka","鳥海山","AYAKA編","07/09-10","yama",""
"351","2022","2022/2022.07.tyoukaisan.Gouki/2022.7.10.tyoukaisan.GOUKI","鳥海山","GOUKI編","07/09-10","yama",""
"352","2022","2022/2022.07.tyoukaisan.Shota/2022.07.tyoukaisan.shota","鳥海山","SHOTA編","07/09-10","yama",""
"353","2022","2022/2022.07.iwatesan.teamshota/2022.07.iwatesan.teamshota","岩手山","SHOTA編","07/02-03","yama",""
"354","2022","2022/2022.07.iwatesan.yotaro/2022.07.iwatesan.teamyotaro","岩手山","YOTARO編","07/02-03","yama",""
"355","2022","2022/2022.07.iwatesan.teamyuya/2022.07.iwatesan.teamyuya","岩手山","YUYA編","07/02-03","yama",""
"356","2022","2022/2022.07.iwatesan.teamgouki/2022.07.iwatesan.teamgouki","岩手山","GOUKI編","07/02-03","yama",""
"357","2022","2022/2022.06.hayachinesann.teamyotaro/2022.hayachinesann.teamyotaro","早池峰山","YOTARO編","06/11-12","yama",""
"358","2022","2022/2022.06.hayachinesan.shintaro/2022.06.hayachinesan.shintaro","早池峰山","SHINTARO編","06/11-12","yama",""
"359","2022","2022/2022.06.hayachinesan.teamshota/2022.06.hayachinesan.teamshota","早池峰山","SHOTA編","06/11-12","yama",""
"360","2022","2022/2022.06.hayachinesann.teamyuya/2022.06.hayachinesann.teamyuya","早池峰山","YUYA編","06/11-12","yama",""
"361","2022","2022/2022.06.hayachinesann.teamgouki./2022.06.hayachinesann.teamgouki","早池峰山","GOUKI編","06/11-12","yama",""
"362","2022","2022/2022.05.adatarayama.Akaru/2022.05.adatarayama.Akaru","安達太良山","AKARU編","05/28","yama",""
"363","2022","2022/2022.05.adatarayama.teamYOTARO/2022.05.adatarayama.teamYOTARO","安達太良山","YOTARO編","05/28","yama",""
"364","2022","2022/2022.05.adatarayama.teiho/2022.05.adatarayama.teiho","安達太良山","TEIHO編","05/28","yama",""
"365","2022","2022/2022.05.adatarayama.shintaro/2022.05.adatarayama.Shintaro","安達太良山","SHINTARO編","05/28","yama",""
"366","2022","2022/2022.05.adatarayama.teamshota/2022.05.adatarayama.teamshota","安達太良山","SHOTA編","05/28","yama",""
"367","2022","2022/2022.05.adatarayama.Gouki/2022.05.adatarayama.Gouki","安達太良山","GOUKI編","05/28","yama",""
"368","2022","2022/2022.05.izumigatake.akaru/2022.05.izumigatake.akaru","新歓登山@泉ヶ岳","AKARU編","05/15","yama",""
"369","2022","2022/2022.05.izumigatake.teiho/2022.05.izumigatake.teiho","新歓登山@泉ヶ岳","TEIHO編","05/15","yama",""
"370","2022","2022/2022.05.izumigatake.shunsuke/2022.05.izumigatake.shunsuke","新歓登山@泉ヶ岳","SHUSUKE編","05/15","yama",""
"371","2022","2022/2022.05.izumigatake.team.gouki/2022.05.izumigatake.gouki","新歓登山@泉ヶ岳","GOUKI編","05/15","yama",""
"372","2022","2022/2022.05.izumigatake.takahide/2022.05.izumigatake.takahide","新歓登山@泉ヶ岳","TAKAHIDE編","05/15","yama",""
"373","2022","2022/2022.05.izumigatake.Shota/2022.05.izumigatake.Shota","新歓登山@泉ヶ岳","SHOTA編","05/15","yama",""
"374","2022","2022/2022.05.izumigatake.Shintaro/2022.05.Izumigatake.Shintaro","新歓登山@泉ヶ岳","SHINTARO編","05/15","yama",""
"375","2022","2022/2022.05.izumigatake.teamYUYA/2022.05.izumigatake.teamYUYA","新歓登山@泉ヶ岳","YUYA編","05/15","yama",""
"376","2023","2023/2023.10.gassan/2023_gassan_SHOTA","秋山山行@月山","SHOTA編","10/14","yama",""
"377","2023","2023/2023.10.gassan/2023_gassan_WATARU","秋山山行@月山","WATARU編","10/14","yama",""
"378","2023","2023/2023.10.gassan/2023_gassan_SHUSUKE","秋山山行@月山","SHUSUKE編","10/14","yama",""
"379","2023","2023/2023.10.gassan/2023_gassan_HONOKA","秋山山行@月山","HONOKA編","10/14","yama",""
"380","2023","2023/2023.10.gassan/2023_gassan_IROHA","秋山山行@月山","IROHA編","10/14","yama",""
"381","2023","2023/2023.08.yarigatake.Yusuke/2023.08.yarigatake.Yusuke","長期山行＠槍ヶ岳","YUSUKE編","8/10-12","yama",""
"382","2023","2023/2023.08.yarigatake.KOSEI/2023.08.yarigatake.KOSEI","長期山行＠槍ヶ岳","KOSEI編","8/10-12","yama",""
"383","2023","2023/2023.08.yarigatake.Haruki","長期山行＠槍ヶ岳","HARUKI編","8/10-12","yama",""
"384","2023","2023/2023.08.yarigatake.Sousuke/2023.08.yarigatake.Sousuke","長期山行＠槍ヶ岳","SOUSKE編","8/10-12","yama",""
"385","2023","2023/2023.08.yarigatake.Tatuya/2023.08.yarigatake.TAYSUYA","長期山行＠槍ヶ岳","TATSUYA編","8/10-12","yama",""
"386","2023","2023/2023.07.asahidake.YUSUKE/2023.07.asahidake.YUSUKE","朝日連峰","YUSUKE編","7/22-23","yama",""
"387","2023","2023/2023.07.asahidake.KOSEI/2023.asahidake.KOSEI","朝日連峰","KOSEI編","7/22-23","yama",""
"388","2023","2023/2023.07.asahidake.Tatsuya/2023.07.asahidake.Tatsuya","朝日連峰","TATSUYA編","7/22-23","yama",""
"389","2023","2023/2023.07.asahidake.HARUKI/2023.07.asahidake.HARUKI","朝日連峰","HARUKI編","7/22-23","yama",""
"390","2023","2023/2023.07.kunrentozan.KOSEI/2023.07.kunrentozan.KOSEI","訓練登山＠蔵王","KOSEI編","7/16","yama",""
"391","2023","2023/2023.07.kunrentozan.SOSUKE/2023.07.kunrentozan.SOSUKE","訓練登山＠蔵王","SOSUKE編","7/16","yama",""
"392","2023","2023/2023.07.kunrentozan.Haruki/2023.07.Haruki","訓練登山＠蔵王","HARUKI編","7/16","yama",""
"393","2023","2023/2023.07.kunrentozan.Tatsuya/2023.07.kunrentozan.Tatsuya","訓練登山＠蔵王","TATSUYA編","7/16","yama",""
"394","2023","2023/2023.07.kunrentozan.yusuke/2023.07.kunrentozan.yusuke","訓練登山＠蔵王","YUSUKE編","7/16","yama",""
"395","2023","2023/2023.06.chokaisan.HARUKI/2023.06.chokaisan.HARUKI","鳥海山","HARUKI編","6/24-25","yama",""
"396","2023","2023/2023.06.chokaisan.SOSUKE/2023.06.chokaisan.SOSUKE","鳥海山","SOSUKE編","6/24-25","yama",""
"397","2023","2023/2023.06.chokaisan.Yusuke/06.chokaisan.Yusuke","鳥海山","YUSUKE編","6/24-25","yama",""
"398","2023","2023/2023.06.chokaisan.Kosei/2023.06.chokaisan.Kosei","鳥海山","KOSEI編","6/24-25","yama",""
"399","2023","2023/2023.06.chokaisan.Tatsuya/06.chokaisan.Tatsuya","鳥海山","TATSUYA編","6/24-25","yama",""
"400","2023","2023/2023.06.chokaisan.Tamaki/06.chokaisan.Tamaki","鳥海山","TAMAKI編","6/24-25","yama",""
"401","2023","2023/2023.06.iwatesan.KOSEI/2023.06.KOSEI","岩手山","KOSEI編","6/10-11","yama",""
"402","2023","2023/2023.06.iwatesan.TAMAKI/2023.06.iwatesan.Tamaki","岩手山","TAMAKI編","6/10-11","yama",""
"403","2023","2023/2023.06.iwatesan.HARUKI/2023.06.iwatesan.HARUKI","岩手山","HARUKI編","6/10-11","yama",""
"404","2023","2023/2023.06.iwatesan.MIYAKO/2023.06.iwatesan.MIYAKO","岩手山","MIYAKO編","6/10-11","yama",""
"405","2023","2023/2023.06.iwatesan.TEAMRINKA/2023.06.iwatesan.TEAMRINKA","岩手山","RINKA編","6/10-11","yama",""
"406","2023","2023/2023.05.nasudake.KOSEI/2023.05.nasudake.KOSEI","那須岳","KOSEI編","5/27-28","yama",""
"407","2023","2023/2023.05.nasudake.YUSUKE/2023.05.nasudake.YUSUKE","那須岳","YUSUKE編","5/27-28","yama",""
"408","2023","2023/2023.05.nasudake.TATSUYA/2023.05.nasudake.TATSUYA","那須岳","TATSUYA編","5/27-28","yama",""
"409","2023","2023/2023.05.nasudake.Sosuke/2023.05.Sosuke","那須岳","SOSUKE編","5/27-28","yama",""
"410","2023","2023/2023.05.mayasan.Yusuke/2023.05.mayasan.Yusuke","摩耶山","YUSUKE編","5/13-14","yama",""
"411","2023","2023/2023.05.mayasan.TATSUYA/2023.05.mayasan.TATSUYA","摩耶山","TATSUYA編","5/13-14","yama",""
"412","2023","2023/2023.05.mayasan.KOSEI/2023.05.mayasan.KOSEI","摩耶山","KOSEI編","5/13-14","yama",""
"413","2023","2023/2023.05.mayasan.Haruki/2023.05.mayasan.Haruki","摩耶山","HARUKI編","5/13-14","yama",""
"414","2023","2023/2023.05.mayasan.MIYAKO/2023.05.mayasan.MIYAKO2","摩耶山","MIYAKO編","5/13-14","yama",""
"415","2023","2023/2023.05.mayasan.Sosuke/2023.05.mayasan.Sosuke1","摩耶山","SOSUKE編","5/13-14","yama",""
"416","2023","2023/2023.04.izumigatake.Tamaki/2023.04.izumigatake.Tamaki","新歓登山＠泉ヶ岳","TAMAKI編","4/23","yama",""
"417","2023","2023/2023.04.izumigatake.sousuke/2023.04.izumigatake.sousuke","新歓登山＠泉ヶ岳","SOSUKE編","4/23","yama",""
"418","2023","2023/2023.04.izumigatake.KEISUKE/2023.04.izumigatake.keisuke","新歓登山＠泉ヶ岳","KEISUKE編","4/23","yama",""
"419","2023","2023/2023.04.izumigatake.Yusuke/2023.04.izumigatake.Yusuke","新歓登山＠泉ヶ岳","YUSUKE編","4/23","yama",""
"420","2023","2023/2023.04.izumigatake.RINKA/2023.04.izumigatake.RINKA","新歓登山＠泉ヶ岳","RINKA編","4/23","yama",""
"421","2023","2023/2023.04.izumigatake.KOUSEI/2023.04.izumigatake.Kousei","新歓登山＠泉ヶ岳","KOSEI編","4/23","yama",""
"422","2023","2023/2023.04.izumigatake.Haruki/2023.04.izumigatake.Haruki","新歓登山＠泉ヶ岳","HARUKI編","4/23","yama",""
"423","2023","2023/2023.04.izumigatake.Tatsuya/2023.04.izumigatake.Tatsuya","新歓登山＠泉ヶ岳","TATSUYA編","4/23","yama",""